{
  "timestamp": "2025-11-05T15:55:50",
  "model": "Birch\u2013Murnaghan 3rd-order",
  "V0_bohr3_per_atom": 111.01968151191919,
  "sigma_V0": 0.0657593698339715,
  "a0_A": 4.037269948577289,
  "sigma_a0_A": 0.0007971209070095376,
  "B0_GPa": 76.20416189408091,
  "sigma_B0_GPa": 0.296804198221358,
  "B1": 4.829858622165065,
  "sigma_B1": 0.031926214663403764,
  "E0_Ry_per_atom": -39.502655350340845,
  "sigma_E0": 5.339803558880098e-05,
  "rms_error_meV_per_atom": 1.4777055893130118,
  "max_abs_residual_meV": 2.172301824854647
}